date,Apple stock,Buy AAPL ,Sell Apple,Apple debt,Apple credit
2021-01-01,0,0,0,0,0
2021-01-02,0,0,0,0,0
2021-01-03,0,0,0,0,0
2021-01-04,32,0,0,0,0
2021-01-05,64,0,0,0,0
2021-01-06,33,0,0,0,0
2021-01-07,33,0,0,0,0
2021-01-08,34,0,0,0,0
2021-01-09,0,0,0,0,0
2021-01-10,0,0,0,0,0
2021-01-11,0,0,0,0,0
2021-01-12,100,0,0,0,0
2021-01-13,67,0,0,0,0
2021-01-14,68,0,0,0,0
2020-05-01,0,0,0,0,0
2020-05-02,16,0,0,0,0
2020-05-03,16,0,0,0,0
2020-05-04,0,0,0,0,0
2020-05-05,0,0,0,0,0
2020-05-06,29,0,0,0,0
2020-05-07,0,0,0,0,0
2020-05-08,15,0,0,0,0
2020-05-09,0,0,0,0,0
2020-05-10,0,0,0,0,0
2020-05-11,44,0,0,0,0
2020-05-12,15,0,0,0,0
2020-05-13,30,0,0,0,0
2020-05-14,0,0,0,0,0
2020-05-15,0,0,0,0,0
2020-05-16,0,0,0,0,0
2020-05-17,0,0,0,0,0
2020-05-18,15,0,0,0,0
2020-05-19,73,0,0,0,0
2020-05-20,15,0,0,0,0
2020-05-21,0,0,0,0,0
2020-05-22,0,0,0,0,0
2020-05-23,0,0,0,0,0
2020-05-24,0,0,0,0,0
2020-05-25,14,0,0,0,0
2020-05-26,0,0,0,0,0
2020-05-27,14,0,0,0,0
2020-05-28,0,0,0,0,0
2020-05-29,0,0,0,0,0
2020-05-30,0,0,0,0,0
2020-05-31,0,0,0,0,0
2020-06-01,14,0,0,0,0
2020-06-02,15,0,0,0,0
2020-06-03,14,0,0,0,0
2020-06-04,14,0,0,0,0
2020-06-05,42,0,0,0,0
2020-06-06,15,0,0,0,0
2020-06-07,0,0,0,0,0
2020-06-08,0,0,0,0,0
2020-06-09,67,0,0,0,0
2020-06-10,42,0,0,0,0
2020-06-11,58,0,0,0,0
2020-06-12,29,0,0,0,0
2020-06-13,16,0,0,0,0
2020-06-14,0,0,0,0,0
2020-06-15,43,0,0,0,0
2020-06-16,29,0,0,0,0
2020-06-17,58,0,0,0,0
2020-06-18,15,0,0,0,0
2020-06-19,0,0,0,0,0
2020-06-20,0,0,0,0,0
2020-06-21,0,0,0,0,0
2020-06-22,29,0,0,0,0
2020-06-23,30,0,0,0,0
2020-06-24,46,0,0,0,0
2020-06-25,50,0,0,0,0
2020-06-26,16,0,0,0,0
2020-06-27,0,0,0,0,0
2020-06-28,0,0,0,0,0
2020-06-29,59,0,0,0,15
2020-06-30,15,0,0,0,0
2020-07-01,15,0,0,0,0
2020-07-02,44,0,0,0,0
2020-07-03,15,0,0,0,0
2020-07-04,0,0,0,0,0
2020-07-05,0,0,0,0,0
2020-07-06,15,0,0,0,0
2020-07-07,29,0,0,0,0
2020-07-08,15,0,0,0,0
2020-07-09,15,0,0,0,0
2020-07-10,30,0,0,0,0
2020-07-11,17,0,0,0,0
2020-07-12,0,0,0,0,0
2020-07-13,15,0,0,0,0
2020-07-14,44,0,0,0,0
2020-07-15,44,0,0,0,0
2020-07-16,0,0,0,0,0
2020-07-17,15,0,0,0,0
2020-07-18,0,0,0,0,0
2020-07-19,0,0,0,0,0
2020-07-20,14,0,0,0,0
2020-07-21,15,0,0,0,0
2020-07-22,15,0,0,0,0
2020-07-23,15,0,0,0,0
2020-07-24,0,0,0,0,0
2020-07-25,0,0,0,0,0
2020-07-26,0,0,0,0,0
2020-07-27,14,0,0,0,0
2020-07-28,0,0,0,0,0
2020-07-29,29,0,0,0,0
2020-07-30,0,0,0,0,0
2020-07-31,60,0,0,0,0
2020-08-01,0,0,0,0,0
2020-08-02,0,0,0,0,0
2020-08-03,60,0,0,0,0
2020-08-04,45,0,0,0,15
2020-08-05,30,0,0,0,0
2020-08-06,60,0,0,0,0
2020-08-07,0,0,0,0,0
2020-08-08,0,0,0,0,0
2020-08-09,0,0,0,0,0
2020-08-10,15,0,0,0,0
2020-08-11,29,0,0,0,0
2020-08-12,45,0,0,0,0
2020-08-13,45,0,0,0,0
2020-08-14,15,0,0,0,0
2020-08-15,0,0,0,0,0
2020-08-16,17,0,0,0,0
2020-08-17,15,0,0,0,0
2020-08-18,15,0,0,0,0
2020-08-19,0,0,0,0,0
2020-08-20,46,0,0,0,0
2020-08-21,46,0,0,0,0
2020-08-22,49,0,0,0,0
2020-08-23,0,0,0,0,0
2020-08-24,60,0,0,0,0
2020-08-25,60,0,0,0,0
2020-08-26,76,0,0,0,0
2020-08-27,0,0,0,0,0
2020-08-28,15,0,0,0,0
2020-08-29,0,0,0,0,0
2020-08-30,0,0,0,0,0
2020-08-31,30,0,0,0,0
2020-09-01,47,0,0,0,0
2020-09-02,48,0,0,0,0
2020-09-03,31,0,0,0,0
2020-09-04,62,0,0,0,0
2020-09-05,0,0,0,0,0
2020-09-06,0,0,0,0,0
2020-09-07,31,0,0,0,0
2020-09-08,15,0,0,0,0
2020-09-09,76,0,0,0,0
2020-09-10,46,0,0,0,0
2020-09-11,15,0,0,0,15
2020-09-12,16,0,0,0,0
2020-09-13,17,0,0,0,0
2020-09-14,77,0,0,0,15
2020-09-15,76,0,0,0,0
2020-09-16,29,0,0,0,0
2020-09-17,15,0,0,0,0
2020-09-18,15,0,0,0,0
2020-09-19,50,0,0,0,0
2020-09-20,0,0,0,0,0
2020-09-21,61,0,0,0,0
2020-09-22,31,0,0,0,0
2020-09-23,0,0,0,0,0
2020-09-24,47,0,0,0,0
2020-09-25,48,0,0,0,0
2020-09-26,0,0,0,0,0
2020-09-27,0,0,0,0,0
2020-09-28,16,0,0,0,0
2020-09-29,0,0,0,0,0
2020-09-30,0,0,0,0,0
2020-10-01,0,0,0,0,0
2020-10-02,54,0,0,0,0
2020-10-03,18,0,0,0,0
2020-10-04,0,0,0,0,17
2020-10-05,31,0,0,0,0
2020-10-06,16,0,0,0,0
2020-10-07,31,0,0,0,0
2020-10-08,48,0,0,0,0
2020-10-09,0,0,0,0,0
2020-10-10,0,0,0,0,0
2020-10-11,0,0,0,0,0
2020-10-12,49,0,0,0,0
2020-10-13,64,0,0,0,0
2020-10-14,96,0,0,0,0
2020-10-15,67,0,0,0,0
2020-10-16,99,0,0,0,0
2020-10-17,18,0,0,0,0
2020-10-18,36,0,0,0,0
2020-10-19,17,0,0,0,0
2020-10-20,100,0,0,0,0
2020-10-21,16,0,0,0,0
2020-10-22,34,0,0,0,0
2020-10-23,51,0,0,0,0
2020-10-24,0,0,0,0,0
2020-10-25,0,0,0,0,0
2020-10-26,0,0,0,0,0
2020-10-27,34,0,0,0,0
2020-10-28,33,0,0,0,0
2020-10-29,83,0,0,0,0
2020-10-30,34,0,0,0,0
2020-10-31,18,0,0,0,0
2020-11-01,0,0,0,0,0
2020-11-02,0,0,0,0,0
2020-11-03,33,0,0,0,0
2020-11-04,0,0,0,0,0
2020-11-05,15,0,0,0,0
2020-11-06,0,0,0,0,0
2020-11-07,34,0,0,0,0
2020-11-08,0,0,0,0,0
2020-11-09,16,0,0,0,0
2020-11-10,32,0,0,0,0
2020-11-11,0,0,0,0,0
2020-11-12,50,0,0,0,0
2020-11-13,17,0,0,0,0
2020-11-14,0,0,0,0,0
2020-11-15,0,0,0,0,0
2020-11-16,16,0,0,0,0
2020-11-17,50,0,0,0,0
2020-11-18,17,0,0,0,0
2020-11-19,17,0,0,0,0
2020-11-20,0,0,0,0,0
2020-11-21,35,0,0,0,0
2020-11-22,0,0,0,0,0
2020-11-23,33,0,0,0,0
2020-11-24,33,0,0,0,0
2020-11-25,33,0,0,0,0
2020-11-26,34,0,0,0,0
2020-11-27,0,0,0,0,0
2020-11-28,18,0,0,0,0
2020-11-29,0,0,0,0,0
2020-11-30,17,0,0,0,0
2020-12-01,69,0,0,0,0
2020-12-02,51,0,0,0,0
2020-12-03,35,0,0,0,0
2020-12-04,17,0,0,0,0
2020-12-05,0,0,0,0,0
2020-12-06,0,0,0,0,0
2020-12-07,33,0,0,0,0
2020-12-08,50,0,0,0,0
2020-12-09,17,0,0,0,0
2020-12-10,33,0,0,0,0
2020-12-11,34,0,0,0,0
2020-12-12,0,0,0,0,0
2020-12-13,18,0,0,0,0
2020-12-14,49,0,0,0,0
2020-12-15,34,0,0,0,0
2020-12-16,35,0,0,0,0
2020-12-17,68,0,0,0,0
2020-12-18,53,0,0,0,18
2020-12-19,19,0,0,0,0
2020-12-20,0,0,0,0,0
2020-12-21,0,0,0,0,0
2020-12-22,34,0,0,0,0
2020-12-23,68,0,0,0,0
2020-12-24,0,0,0,0,0
2020-12-25,0,0,0,0,0
2020-12-26,0,0,0,0,0
2020-12-27,17,0,0,0,17
2020-12-28,17,0,0,0,0
2020-12-29,50,0,0,0,0
2020-12-30,18,0,0,0,0
2020-12-31,36,0,0,0,0
2021-01-01,20,0,0,0,0
2020-01-01,0,0,0,0,0
2020-01-02,26,0,0,0,0
2020-01-03,0,0,0,0,0
2020-01-04,0,0,0,0,0
2020-01-05,0,0,0,0,28
2020-01-06,79,0,0,0,0
2020-01-07,27,0,0,0,0
2020-01-08,0,0,0,0,0
2020-01-09,0,0,0,0,0
2020-01-10,0,0,0,0,0
2020-01-11,0,0,0,0,0
2020-01-12,0,0,0,0,0
2020-01-13,0,0,0,0,0
2020-01-14,74,0,0,0,0
2020-01-15,0,0,0,0,0
2020-01-16,27,0,0,0,0
2020-01-17,0,0,0,0,0
2020-01-18,0,0,0,0,0
2020-01-19,61,0,0,0,0
2020-01-20,0,0,0,0,0
2020-01-21,28,0,0,0,0
2020-01-22,0,0,0,0,0
2020-01-23,32,0,0,0,0
2020-01-24,0,0,0,0,0
2020-01-25,32,0,0,0,0
2020-01-26,0,0,0,0,0
2020-01-27,0,0,0,0,0
2020-01-28,0,0,0,0,0
2020-01-29,30,0,0,0,0
2020-01-30,80,0,0,0,0
2020-01-31,0,0,0,0,0
2020-02-01,30,0,0,0,0
2020-02-02,0,0,0,0,0
2020-02-03,0,0,0,0,0
2020-02-04,26,0,0,0,0
2020-02-05,26,0,0,0,0
2020-02-06,26,0,0,0,0
2020-02-07,0,0,0,0,0
2020-02-08,0,0,0,0,0
2020-02-09,29,0,0,0,0
2020-02-10,26,0,0,0,0
2020-02-11,26,0,0,0,0
2020-02-12,25,0,0,0,0
2020-02-13,0,0,0,0,0
2020-02-14,0,0,0,0,0
2020-02-15,0,0,0,0,0
2020-02-16,0,0,0,0,0
2020-02-17,26,0,0,0,0
2020-02-18,26,0,0,0,0
2020-02-19,26,0,26,0,0
2020-02-20,51,0,0,0,0
2020-02-21,51,0,0,0,0
2020-02-22,27,0,0,0,0
2020-02-23,0,0,0,0,0
2020-02-24,0,0,0,0,0
2020-02-25,51,0,0,0,0
2020-02-26,98,0,0,0,0
2020-02-27,0,0,0,0,0
2020-02-28,78,0,0,0,0
2020-02-29,0,0,0,0,0
2020-03-01,27,0,0,0,0
2020-03-02,0,0,0,0,0
2020-03-03,100,0,0,0,0
2020-03-04,25,0,0,0,0
2020-03-05,0,0,0,0,0
2020-03-06,25,0,0,0,0
2020-03-07,27,0,0,0,0
2020-03-08,0,0,0,0,0
2020-03-09,48,0,0,0,0
2020-03-10,74,0,0,0,0
2020-03-11,25,0,0,0,0
2020-03-12,24,0,0,0,0
2020-03-13,49,0,0,0,0
2020-03-14,26,0,0,0,0
2020-03-15,0,0,0,0,0
2020-03-16,73,0,0,0,0
2020-03-17,0,0,0,0,0
2020-03-18,73,0,0,0,0
2020-03-19,73,0,0,0,0
2020-03-20,24,0,0,0,0
2020-03-21,26,0,0,0,0
2020-03-22,0,0,0,0,0
2020-03-23,47,0,0,0,0
2020-03-24,49,0,0,0,0
2020-03-25,98,0,0,0,0
2020-03-26,50,0,0,0,0
2020-03-27,0,0,0,0,0
2020-03-28,26,0,0,0,0
2020-03-29,53,0,0,0,0
2020-03-30,48,0,0,0,0
2020-03-31,0,0,0,0,0
2020-04-01,25,0,0,0,0
2020-04-02,0,0,0,0,0
2020-04-03,78,0,0,0,0
2020-04-04,0,0,0,0,27
2020-04-05,0,0,0,0,0
2020-04-06,0,0,0,0,0
2020-04-07,25,0,0,0,0
2020-04-08,0,0,0,0,0
2020-04-09,24,0,0,0,0
2020-04-10,0,0,0,0,0
2020-04-11,0,0,0,0,0
2020-04-12,54,0,0,0,27
2020-04-13,50,0,0,0,0
2020-04-14,25,0,0,0,0
2020-04-15,24,0,0,0,0
2020-04-16,73,0,0,0,0
2020-04-17,49,0,0,0,0
2020-04-18,26,0,0,0,0
2020-04-19,0,0,0,0,0
2020-04-20,0,0,0,0,0
2020-04-21,48,0,0,0,0
2020-04-22,24,0,0,0,0
2020-04-23,24,0,0,0,0
2020-04-24,0,0,0,0,0
2020-04-25,0,0,0,0,0
2020-04-26,0,0,0,0,0
2020-04-27,50,0,0,0,0
2020-04-28,0,0,0,0,0
2020-04-29,25,0,0,0,0
2020-04-30,23,0,0,0,0
2020-05-01,52,0,0,0,0
2019-05-01,35,0,0,0,0
2019-05-02,0,0,0,0,0
2019-05-03,0,0,0,0,0
2019-05-04,0,0,0,0,0
2019-05-05,0,0,0,0,0
2019-05-06,34,0,0,0,0
2019-05-07,34,0,0,0,0
2019-05-08,67,0,0,0,0
2019-05-09,0,0,0,0,0
2019-05-10,34,0,0,0,0
2019-05-11,0,0,0,0,0
2019-05-12,0,0,0,0,0
2019-05-13,0,0,0,0,0
2019-05-14,100,0,0,0,0
2019-05-15,0,0,0,0,0
2019-05-16,33,0,0,0,0
2019-05-17,0,0,0,0,0
2019-05-18,0,0,0,0,0
2019-05-19,0,0,0,0,0
2019-05-20,0,0,0,0,0
2019-05-21,33,0,0,0,0
2019-05-22,0,0,0,0,0
2019-05-23,33,0,0,0,0
2019-05-24,0,0,0,0,0
2019-05-25,0,0,0,0,0
2019-05-26,0,0,0,0,0
2019-05-27,0,0,0,0,0
2019-05-28,32,0,0,0,0
2019-05-29,63,0,0,0,0
2019-05-30,32,0,0,0,0
2019-05-31,0,0,0,0,0
2019-06-01,0,0,0,0,0
2019-06-02,0,0,0,0,0
2019-06-03,0,0,0,0,0
2019-06-04,0,0,0,0,0
2019-06-05,32,0,0,0,0
2019-06-06,0,0,0,0,32
2019-06-07,0,0,0,0,0
2019-06-08,0,0,0,0,0
2019-06-09,0,0,34,0,0
2019-06-10,31,0,0,0,0
2019-06-11,31,0,0,0,0
2019-06-12,0,0,0,0,31
2019-06-13,32,0,0,0,0
2019-06-14,0,0,0,0,0
2019-06-15,0,0,0,0,0
2019-06-16,0,0,0,0,0
2019-06-17,0,0,0,0,0
2019-06-18,0,0,0,0,0
2019-06-19,0,0,0,0,0
2019-06-20,32,0,0,0,0
2019-06-21,0,0,0,0,0
2019-06-22,0,0,0,0,0
2019-06-23,0,0,0,0,0
2019-06-24,63,0,0,0,0
2019-06-25,0,0,0,0,0
2019-06-26,0,0,0,0,0
2019-06-27,62,0,0,0,0
2019-06-28,0,0,0,0,0
2019-06-29,0,0,0,0,0
2019-06-30,0,0,0,0,0
2019-07-01,31,0,0,0,0
2019-07-02,31,0,0,0,0
2019-07-03,0,0,0,0,0
2019-07-04,0,0,0,0,0
2019-07-05,0,0,0,0,0
2019-07-06,0,0,0,0,0
2019-07-07,0,0,0,0,0
2019-07-08,0,0,0,0,0
2019-07-09,31,0,0,0,0
2019-07-10,0,0,0,0,0
2019-07-11,31,0,0,0,0
2019-07-12,0,0,0,0,0
2019-07-13,69,0,0,0,0
2019-07-14,0,0,0,0,0
2019-07-15,0,0,32,0,0
2019-07-16,0,0,0,0,0
2019-07-17,0,0,0,0,0
2019-07-18,0,0,0,0,0
2019-07-19,0,0,0,0,0
2019-07-20,0,0,0,0,0
2019-07-21,36,0,0,0,0
2019-07-22,0,0,0,0,0
2019-07-23,33,0,0,0,0
2019-07-24,0,0,0,0,0
2019-07-25,33,0,0,0,0
2019-07-26,0,0,0,0,0
2019-07-27,0,0,0,0,35
2019-07-28,0,0,0,0,0
2019-07-29,0,0,0,0,0
2019-07-30,0,0,0,0,0
2019-07-31,0,0,0,0,0
2019-08-01,33,0,0,0,0
2019-08-02,0,0,0,0,0
2019-08-03,34,0,0,0,0
2019-08-04,35,0,0,0,0
2019-08-05,0,0,0,0,0
2019-08-06,0,0,0,0,0
2019-08-07,0,0,0,0,0
2019-08-08,0,0,0,0,0
2019-08-09,0,0,0,0,0
2019-08-10,0,0,0,0,0
2019-08-11,0,0,0,0,0
2019-08-12,0,0,0,0,0
2019-08-13,0,0,0,0,0
2019-08-14,31,0,0,0,0
2019-08-15,32,0,0,0,0
2019-08-16,0,0,0,0,0
2019-08-17,0,0,0,0,0
2019-08-18,0,0,0,0,0
2019-08-19,0,0,0,0,0
2019-08-20,0,0,0,0,0
2019-08-21,0,0,0,0,0
2019-08-22,0,0,0,0,0
2019-08-23,0,0,0,0,0
2019-08-24,0,0,0,0,33
2019-08-25,0,0,0,0,0
2019-08-26,0,0,0,0,0
2019-08-27,31,0,0,0,0
2019-08-28,0,0,0,0,0
2019-08-29,62,0,0,0,0
2019-08-30,0,0,0,0,0
2019-08-31,0,0,0,0,0
2019-09-01,0,0,0,0,0
2019-09-02,32,0,0,0,0
2019-09-03,0,0,0,0,0
2019-09-04,0,0,0,0,0
2019-09-05,31,0,0,0,0
2019-09-06,0,0,0,0,0
2019-09-07,0,0,0,0,34
2019-09-08,0,0,0,0,0
2019-09-09,0,0,0,0,0
2019-09-10,0,0,0,0,0
2019-09-11,93,0,0,0,0
2019-09-12,0,0,0,0,0
2019-09-13,0,0,0,0,0
2019-09-14,0,0,0,0,0
2019-09-15,0,0,0,0,0
2019-09-16,0,0,0,0,0
2019-09-17,31,0,0,0,0
2019-09-18,31,0,0,0,0
2019-09-19,0,0,0,0,0
2019-09-20,0,0,0,0,0
2019-09-21,0,0,0,0,33
2019-09-22,0,0,34,0,0
2019-09-23,0,0,0,0,0
2019-09-24,0,0,0,0,0
2019-09-25,0,0,0,0,0
2019-09-26,0,0,0,0,0
2019-09-27,0,0,0,0,0
2019-09-28,0,0,0,0,0
2019-09-29,0,0,0,0,0
2019-09-30,0,0,0,0,0
2019-10-01,0,0,0,0,0
2019-10-02,31,0,0,0,0
2019-10-03,0,0,0,0,0
2019-10-04,0,0,0,0,0
2019-10-05,0,0,0,0,0
2019-10-06,0,0,0,0,32
2019-10-07,30,0,0,0,0
2019-10-08,0,0,0,0,0
2019-10-09,0,0,0,0,0
2019-10-10,32,0,0,0,0
2019-10-11,0,0,0,0,32
2019-10-12,0,0,33,0,0
2019-10-13,0,0,0,0,33
2019-10-14,30,0,0,0,0
2019-10-15,31,0,0,0,0
2019-10-16,31,0,0,0,0
2019-10-17,31,0,0,0,0
2019-10-18,0,0,0,0,0
2019-10-19,0,0,0,0,0
2019-10-20,0,0,0,0,0
2019-10-21,0,0,0,0,0
2019-10-22,0,0,0,0,0
2019-10-23,0,0,0,0,0
2019-10-24,31,0,0,0,0
2019-10-25,62,0,0,0,31
2019-10-26,0,0,0,0,0
2019-10-27,0,0,0,0,0
2019-10-28,0,0,0,0,0
2019-10-29,0,0,0,0,0
2019-10-30,0,0,0,0,0
2019-10-31,0,0,0,0,0
2019-11-01,31,0,0,0,0
2019-11-02,0,0,0,0,0
2019-11-03,0,0,0,0,0
2019-11-04,31,0,0,0,0
2019-11-05,61,0,0,0,0
2019-11-06,0,0,0,0,0
2019-11-07,30,0,0,0,0
2019-11-08,0,0,0,0,0
2019-11-09,0,0,0,0,0
2019-11-10,0,0,0,0,0
2019-11-11,58,0,0,0,0
2019-11-12,61,0,0,0,0
2019-11-13,0,0,0,0,0
2019-11-14,0,0,0,0,0
2019-11-15,31,0,0,0,0
2019-11-16,0,0,0,0,0
2019-11-17,33,0,0,0,0
2019-11-18,30,0,0,0,0
2019-11-19,31,0,0,0,0
2019-11-20,0,0,0,0,0
2019-11-21,0,0,0,0,0
2019-11-22,0,0,0,0,0
2019-11-23,0,0,0,0,0
2019-11-24,0,0,0,0,0
2019-11-25,30,0,0,0,0
2019-11-26,92,0,31,0,0
2019-11-27,60,0,0,0,0
2019-11-28,0,0,0,0,0
2019-11-29,0,0,0,0,0
2019-11-30,0,0,0,0,0
2019-12-01,0,0,0,0,32
2019-12-02,0,0,0,0,0
2019-12-03,0,0,0,0,0
2019-12-04,0,0,0,0,0
2019-12-05,0,0,0,0,0
2019-12-06,0,0,33,0,0
2019-12-07,35,0,0,0,0
2019-12-08,0,0,0,0,0
2019-12-09,0,0,0,0,0
2019-12-10,0,0,0,0,0
2019-12-11,0,0,0,0,62
2019-12-12,0,0,0,0,0
2019-12-13,64,0,0,0,0
2019-12-14,0,0,0,0,0
2019-12-15,0,0,0,0,0
2019-12-16,0,0,0,0,0
2019-12-17,30,0,0,0,0
2019-12-18,30,0,0,0,0
2019-12-19,0,0,0,0,0
2019-12-20,0,0,0,0,0
2019-12-21,0,0,0,0,0
2019-12-22,0,0,0,0,0
2019-12-23,0,0,0,0,0
2019-12-24,0,0,0,0,0
2019-12-25,0,0,0,0,0
2019-12-26,31,0,0,0,0
2019-12-27,0,0,0,0,0
2019-12-28,0,0,0,0,0
2019-12-29,0,0,0,0,0
2019-12-30,30,0,0,0,0
2019-12-31,29,0,0,0,0
2020-01-01,0,0,0,0,0
2019-01-01,0,0,0,0,0
2019-01-02,20,0,0,0,0
2019-01-03,60,0,0,0,0
2019-01-04,100,0,0,0,0
2019-01-05,0,0,0,0,0
2019-01-06,0,0,0,0,0
2019-01-07,19,0,0,0,0
2019-01-08,38,0,0,0,0
2019-01-09,0,0,0,0,0
2019-01-10,39,0,0,0,0
2019-01-11,0,0,0,0,0
2019-01-12,0,0,0,0,0
2019-01-13,0,0,0,0,0
2019-01-14,0,0,0,0,0
2019-01-15,20,0,0,0,0
2019-01-16,40,0,0,0,0
2019-01-17,0,0,0,0,0
2019-01-18,0,0,0,0,0
2019-01-19,0,0,0,0,0
2019-01-20,0,0,0,0,0
2019-01-21,20,0,0,0,0
2019-01-22,0,0,0,0,0
2019-01-23,0,0,0,0,0
2019-01-24,20,0,0,0,0
2019-01-25,0,0,0,0,0
2019-01-26,22,0,0,0,0
2019-01-27,0,0,0,0,0
2019-01-28,0,0,0,0,0
2019-01-29,20,0,0,0,0
2019-01-30,0,0,0,0,0
2019-01-31,21,0,0,0,0
2019-02-01,0,0,0,0,0
2019-02-02,0,0,0,0,0
2019-02-03,0,0,0,0,0
2019-02-04,0,0,0,0,0
2019-02-05,0,0,0,0,0
2019-02-06,22,0,0,0,0
2019-02-07,0,0,0,0,0
2019-02-08,0,0,0,0,0
2019-02-09,0,0,0,0,0
2019-02-10,0,0,0,0,0
2019-02-11,0,0,19,0,0
2019-02-12,0,0,0,0,0
2019-02-13,19,0,0,0,0
2019-02-14,0,0,0,0,0
2019-02-15,19,0,0,0,0
2019-02-16,0,0,0,0,0
2019-02-17,20,0,0,0,0
2019-02-18,18,0,0,0,0
2019-02-19,19,0,0,0,0
2019-02-20,0,0,0,0,0
2019-02-21,18,0,0,0,0
2019-02-22,0,0,0,0,0
2019-02-23,0,0,0,0,0
2019-02-24,0,0,0,0,0
2019-02-25,0,0,0,0,0
2019-02-26,37,0,0,0,0
2019-02-27,0,0,0,0,0
2019-02-28,20,0,0,0,0
2019-03-01,0,0,0,0,0
2019-03-02,0,0,0,0,0
2019-03-03,0,0,0,0,0
2019-03-04,0,0,0,0,0
2019-03-05,0,0,0,0,0
2019-03-06,0,0,0,0,0
2019-03-07,0,0,0,0,0
2019-03-08,20,0,0,0,0
2019-03-09,0,0,0,0,0
2019-03-10,0,0,0,0,0
2019-03-11,0,0,0,0,0
2019-03-12,0,0,0,0,0
2019-03-13,20,0,0,0,0
2019-03-14,39,0,0,0,0
2019-03-15,0,0,0,0,0
2019-03-16,0,0,0,0,0
2019-03-17,0,0,0,0,0
2019-03-18,0,0,0,0,0
2019-03-19,0,0,0,0,0
2019-03-20,0,0,0,0,0
2019-03-21,0,0,0,0,0
2019-03-22,0,0,0,0,20
2019-03-23,0,0,0,0,0
2019-03-24,0,0,0,0,0
2019-03-25,19,0,0,0,0
2019-03-26,0,0,0,0,0
2019-03-27,20,0,0,0,0
2019-03-28,38,0,0,0,0
2019-03-29,20,0,0,0,0
2019-03-30,0,0,0,0,0
2019-03-31,0,0,0,0,0
2019-04-01,61,0,0,0,0
2019-04-02,0,0,0,0,0
2019-04-03,0,0,0,0,0
2019-04-04,0,0,0,0,0
2019-04-05,0,0,0,0,21
2019-04-06,21,0,0,0,0
2019-04-07,0,0,0,0,0
2019-04-08,0,0,0,0,0
2019-04-09,19,0,0,0,0
2019-04-10,0,0,0,0,0
2019-04-11,19,0,0,0,0
2019-04-12,0,0,0,0,0
2019-04-13,0,0,0,0,0
2019-04-14,0,0,0,0,0
2019-04-15,0,0,0,0,0
2019-04-16,38,0,0,0,0
2019-04-17,0,0,0,0,0
2019-04-18,0,0,0,0,0
2019-04-19,0,0,0,0,0
2019-04-20,0,0,0,0,0
2019-04-21,0,0,0,0,0
2019-04-22,0,0,0,0,0
2019-04-23,0,0,0,0,0
2019-04-24,0,0,0,0,0
2019-04-25,0,0,0,0,0
2019-04-26,38,0,0,0,0
2019-04-27,0,0,0,0,0
2019-04-28,0,0,0,0,0
2019-04-29,0,0,0,0,0
2019-04-30,19,0,0,0,0
2019-05-01,0,0,0,0,0
2018-05-01,0,0,0,0,0
2018-05-02,0,0,0,0,0
2018-05-03,32,0,0,0,0
2018-05-04,0,0,0,0,0
2018-05-05,0,0,0,0,0
2018-05-06,0,0,0,0,0
2018-05-07,0,0,0,0,0
2018-05-08,62,0,0,0,0
2018-05-09,0,0,0,0,0
2018-05-10,0,0,0,0,0
2018-05-11,0,0,32,0,0
2018-05-12,0,0,0,0,0
2018-05-13,0,0,0,0,0
2018-05-14,0,0,0,0,0
2018-05-15,0,0,0,0,0
2018-05-16,32,0,0,0,0
2018-05-17,0,0,32,0,32
2018-05-18,0,0,0,0,0
2018-05-19,0,0,0,0,0
2018-05-20,0,0,0,0,34
2018-05-21,0,0,0,0,0
2018-05-22,0,0,0,0,0
2018-05-23,31,0,0,0,0
2018-05-24,0,0,0,0,0
2018-05-25,0,0,0,0,0
2018-05-26,0,0,0,0,0
2018-05-27,0,0,0,0,0
2018-05-28,0,0,0,0,0
2018-05-29,0,0,0,0,0
2018-05-30,0,0,0,0,0
2018-05-31,0,0,0,0,0
2018-06-01,32,0,0,0,0
2018-06-02,0,0,0,0,0
2018-06-03,0,0,0,0,0
2018-06-04,0,0,0,0,0
2018-06-05,0,0,0,0,0
2018-06-06,31,0,0,0,0
2018-06-07,0,0,0,0,0
2018-06-08,0,0,0,0,0
2018-06-09,0,0,0,0,0
2018-06-10,0,0,0,0,0
2018-06-11,0,0,0,0,0
2018-06-12,55,0,0,0,0
2018-06-13,28,0,0,0,0
2018-06-14,0,0,0,0,0
2018-06-15,31,0,0,0,0
2018-06-16,0,0,0,0,0
2018-06-17,0,0,0,0,0
2018-06-18,0,0,0,0,0
2018-06-19,0,0,0,0,0
2018-06-20,0,0,0,0,0
2018-06-21,0,0,0,0,0
2018-06-22,60,0,0,0,0
2018-06-23,0,0,0,0,0
2018-06-24,0,0,0,0,32
2018-06-25,0,0,0,0,0
2018-06-26,0,0,0,0,0
2018-06-27,0,0,0,0,0
2018-06-28,0,0,0,0,0
2018-06-29,31,0,0,0,0
2018-06-30,0,0,0,0,0
2018-07-01,0,0,0,0,0
2018-07-02,29,0,0,0,0
2018-07-03,29,0,0,0,0
2018-07-04,0,0,0,0,0
2018-07-05,0,0,0,0,0
2018-07-06,29,0,0,0,0
2018-07-07,0,0,0,0,0
2018-07-08,0,0,0,0,0
2018-07-09,29,0,0,0,0
2018-07-10,0,0,0,0,0
2018-07-11,0,0,0,0,0
2018-07-12,30,0,0,0,0
2018-07-13,0,0,0,0,0
2018-07-14,0,0,0,0,0
2018-07-15,0,0,0,0,0
2018-07-16,0,0,0,0,0
2018-07-17,31,0,0,0,0
2018-07-18,63,0,0,0,0
2018-07-19,62,0,0,0,0
2018-07-20,0,0,0,0,0
2018-07-21,33,0,0,0,0
2018-07-22,0,0,0,0,0
2018-07-23,0,0,0,0,0
2018-07-24,31,0,0,0,0
2018-07-25,30,0,0,0,0
2018-07-26,0,0,0,0,0
2018-07-27,61,0,0,0,0
2018-07-28,0,0,0,0,0
2018-07-29,0,0,0,0,0
2018-07-30,0,0,0,0,0
2018-07-31,0,0,0,0,0
2018-08-01,30,0,0,0,0
2018-08-02,56,0,0,0,0
2018-08-03,61,0,0,0,0
2018-08-04,33,0,0,0,0
2018-08-05,0,0,0,0,0
2018-08-06,0,0,0,0,0
2018-08-07,0,0,0,0,0
2018-08-08,0,0,0,0,0
2018-08-09,30,0,0,0,0
2018-08-10,91,0,0,0,0
2018-08-11,0,0,0,0,0
2018-08-12,0,0,0,0,0
2018-08-13,29,0,0,0,0
2018-08-14,30,0,0,0,0
2018-08-15,30,0,0,0,0
2018-08-16,0,0,0,0,0
2018-08-17,29,0,0,0,0
2018-08-18,0,0,0,0,0
2018-08-19,0,0,0,0,0
2018-08-20,0,0,0,0,0
2018-08-21,0,0,0,0,0
2018-08-22,30,0,0,0,0
2018-08-23,0,0,0,0,0
2018-08-24,31,0,0,0,0
2018-08-25,0,0,0,0,0
2018-08-26,0,0,0,0,0
2018-08-27,0,0,0,0,0
2018-08-28,30,0,0,0,0
2018-08-29,0,0,0,0,0
2018-08-30,0,0,0,0,0
2018-08-31,33,0,0,0,0
2018-09-01,0,0,0,0,0
2018-09-02,0,0,0,0,0
2018-09-03,32,0,0,0,0
2018-09-04,0,0,0,0,0
2018-09-05,0,0,0,0,0
2018-09-06,0,0,0,0,0
2018-09-07,0,0,0,0,0
2018-09-08,0,0,0,0,0
2018-09-09,0,0,0,0,0
2018-09-10,32,0,0,0,0
2018-09-11,0,0,0,0,0
2018-09-12,94,0,0,0,0
2018-09-13,0,0,0,0,0
2018-09-14,63,0,0,0,0
2018-09-15,0,0,0,0,33
2018-09-16,0,0,0,0,0
2018-09-17,0,0,0,0,0
2018-09-18,32,0,0,0,0
2018-09-19,0,0,0,0,0
2018-09-20,64,0,0,0,0
2018-09-21,0,0,0,0,0
2018-09-22,0,0,0,0,0
2018-09-23,0,0,0,0,0
2018-09-24,0,0,0,0,0
2018-09-25,0,0,0,0,0
2018-09-26,31,0,0,0,0
2018-09-27,0,0,0,0,0
2018-09-28,32,0,0,0,0
2018-09-29,0,0,0,0,0
2018-09-30,0,0,0,0,0
2018-10-01,0,0,0,0,0
2018-10-02,0,0,0,0,0
2018-10-03,64,0,0,0,0
2018-10-04,0,0,0,0,0
2018-10-05,33,0,0,0,0
2018-10-06,0,0,0,0,0
2018-10-07,0,0,0,0,0
2018-10-08,32,0,0,0,0
2018-10-09,0,0,0,0,0
2018-10-10,33,0,0,0,0
2018-10-11,33,0,0,0,0
2018-10-12,0,0,0,0,0
2018-10-13,0,0,0,0,0
2018-10-14,0,0,0,0,0
2018-10-15,0,0,0,0,0
2018-10-16,0,0,0,0,0
2018-10-17,32,0,0,0,0
2018-10-18,0,0,0,0,0
2018-10-19,0,0,0,0,0
2018-10-20,0,0,0,0,0
2018-10-21,0,0,0,0,0
2018-10-22,64,0,0,0,0
2018-10-23,0,0,0,0,0
2018-10-24,33,0,0,0,0
2018-10-25,0,0,0,0,0
2018-10-26,33,0,0,0,0
2018-10-27,0,0,0,0,0
2018-10-28,0,0,0,0,0
2018-10-29,0,0,0,0,0
2018-10-30,0,0,0,0,0
2018-10-31,33,0,0,0,0
2018-11-01,0,0,0,0,0
2018-11-02,65,0,0,0,0
2018-11-03,35,0,0,0,0
2018-11-04,34,0,0,0,0
2018-11-05,30,0,0,0,0
2018-11-06,33,0,0,0,0
2018-11-07,31,0,0,0,0
2018-11-08,64,0,0,0,32
2018-11-09,0,0,0,0,0
2018-11-10,0,0,0,0,0
2018-11-11,0,0,0,0,0
2018-11-12,64,0,0,0,32
2018-11-13,0,0,0,0,0
2018-11-14,33,0,0,0,0
2018-11-15,0,0,0,0,33
2018-11-16,0,0,0,0,0
2018-11-17,34,0,0,0,0
2018-11-18,0,0,0,0,0
2018-11-19,33,0,0,0,0
2018-11-20,65,0,0,0,0
2018-11-21,0,0,0,0,0
2018-11-22,100,0,0,0,33
2018-11-23,34,0,0,0,0
2018-11-24,0,0,0,0,0
2018-11-25,0,0,0,0,0
2018-11-26,32,0,0,0,0
2018-11-27,65,0,0,0,0
2018-11-28,33,0,0,0,0
2018-11-29,34,0,0,0,0
2018-11-30,0,0,0,0,0
2018-12-01,0,0,0,0,0
2018-12-02,0,0,0,0,0
2018-12-03,64,0,0,0,0
2018-12-04,32,0,0,0,0
2018-12-05,32,0,0,0,0
2018-12-06,32,0,0,0,0
2018-12-07,65,0,0,0,0
2018-12-08,0,0,0,0,0
2018-12-09,0,0,0,0,34
2018-12-10,63,0,0,0,0
2018-12-11,96,0,0,0,0
2018-12-12,67,0,0,0,33
2018-12-13,0,0,0,0,0
2018-12-14,31,0,0,0,0
2018-12-15,0,0,0,0,0
2018-12-16,0,0,0,0,0
2018-12-17,0,0,0,0,0
2018-12-18,30,0,0,0,0
2018-12-19,34,0,0,0,0
2018-12-20,0,0,0,0,0
2018-12-21,34,0,0,0,0
2018-12-22,35,0,0,0,0
2018-12-23,35,0,0,0,0
2018-12-24,33,0,0,0,0
2018-12-25,33,0,0,0,0
2018-12-26,0,0,0,0,0
2018-12-27,0,0,0,0,0
2018-12-28,70,0,0,0,0
2018-12-29,0,0,0,0,0
2018-12-30,0,0,0,0,0
2018-12-31,0,0,0,0,0
2019-01-01,0,0,0,0,0
2018-01-01,0,0,0,0,0
2018-01-02,47,0,0,0,0
2018-01-03,0,0,48,0,0
2018-01-04,47,0,0,0,0
2018-01-05,0,0,0,0,0
2018-01-06,0,0,0,0,0
2018-01-07,0,0,0,0,48
2018-01-08,0,0,0,0,0
2018-01-09,0,0,0,0,0
2018-01-10,50,0,0,0,0
2018-01-11,50,0,0,0,0
2018-01-12,0,0,0,0,0
2018-01-13,55,0,0,0,0
2018-01-14,0,0,0,0,0
2018-01-15,0,0,0,0,0
2018-01-16,0,0,0,0,0
2018-01-17,0,0,0,0,0
2018-01-18,46,0,0,0,0
2018-01-19,0,0,0,0,0
2018-01-20,0,0,0,0,0
2018-01-21,0,0,0,0,0
2018-01-22,0,0,0,0,0
2018-01-23,0,0,0,0,0
2018-01-24,0,0,0,0,0
2018-01-25,46,0,0,0,0
2018-01-26,48,0,0,0,0
2018-01-27,0,0,0,0,0
2018-01-28,0,0,0,0,0
2018-01-29,0,0,0,0,0
2018-01-30,0,0,0,0,0
2018-01-31,48,0,0,0,0
2018-02-01,0,0,0,0,0
2018-02-02,0,0,0,0,0
2018-02-03,0,0,0,0,0
2018-02-04,0,0,0,0,0
2018-02-05,0,0,0,0,0
2018-02-06,0,0,0,0,0
2018-02-07,49,0,0,0,0
2018-02-08,0,0,0,0,0
2018-02-09,0,0,0,0,0
2018-02-10,54,0,0,0,0
2018-02-11,0,0,0,0,0
2018-02-12,100,0,0,0,0
2018-02-13,0,0,0,0,0
2018-02-14,53,0,0,0,0
2018-02-15,62,0,0,0,0
2018-02-16,0,0,0,0,0
2018-02-17,0,0,0,0,0
2018-02-18,0,0,0,0,0
2018-02-19,49,0,0,0,0
2018-02-20,0,0,0,0,0
2018-02-21,0,0,0,0,0
2018-02-22,0,0,0,0,0
2018-02-23,0,0,0,0,0
2018-02-24,48,0,0,0,0
2018-02-25,0,0,0,0,0
2018-02-26,0,0,0,0,0
2018-02-27,45,0,0,0,0
2018-02-28,46,0,0,0,0
2018-03-01,0,0,0,0,0
2018-03-02,0,0,0,0,0
2018-03-03,0,0,0,0,0
2018-03-04,0,0,0,0,0
2018-03-05,0,0,0,0,0
2018-03-06,0,0,0,0,0
2018-03-07,0,0,0,0,0
2018-03-08,45,0,0,0,0
2018-03-09,0,0,0,0,0
2018-03-10,0,0,0,0,0
2018-03-11,0,0,0,0,0
2018-03-12,0,0,0,0,0
2018-03-13,0,0,0,0,0
2018-03-14,44,0,0,0,0
2018-03-15,45,0,0,0,0
2018-03-16,46,0,0,0,0
2018-03-17,0,0,0,0,0
2018-03-18,0,0,0,0,0
2018-03-19,0,0,0,0,0
2018-03-20,45,0,0,0,0
2018-03-21,47,0,0,0,0
2018-03-22,47,0,0,0,0
2018-03-23,0,0,0,0,0
2018-03-24,0,0,0,0,0
2018-03-25,0,0,0,0,0
2018-03-26,0,0,0,0,0
2018-03-27,0,0,0,0,0
2018-03-28,0,0,0,0,0
2018-03-29,45,0,0,0,0
2018-03-30,0,0,0,0,0
2018-03-31,47,0,0,0,0
2018-04-01,49,0,0,0,0
2018-04-02,0,0,0,0,0
2018-04-03,0,0,0,0,0
2018-04-04,0,0,0,0,0
2018-04-05,48,0,0,0,0
2018-04-06,47,0,0,0,0
2018-04-07,0,0,0,0,0
2018-04-08,0,0,0,0,0
2018-04-09,0,0,0,0,0
2018-04-10,0,0,0,0,0
2018-04-11,0,0,0,0,0
2018-04-12,0,0,0,0,0
2018-04-13,0,0,0,0,0
2018-04-14,47,0,0,0,0
2018-04-15,0,0,48,0,0
2018-04-16,0,0,0,0,0
2018-04-17,0,0,0,0,0
2018-04-18,0,0,0,0,0
2018-04-19,0,0,0,0,0
2018-04-20,0,0,0,0,0
2018-04-21,0,0,0,0,0
2018-04-22,47,0,0,0,0
2018-04-23,43,0,0,0,0
2018-04-24,44,0,0,0,0
2018-04-25,0,0,0,0,0
2018-04-26,0,0,0,0,0
2018-04-27,0,0,0,0,0
2018-04-28,0,0,0,0,0
2018-04-29,0,0,0,0,0
2018-04-30,0,0,0,0,0
2018-05-01,47,0,0,0,0
2017-05-01,0,0,0,0,0
2017-05-02,0,0,0,0,0
2017-05-03,23,0,0,0,0
2017-05-04,0,0,0,0,0
2017-05-05,0,0,0,0,0
2017-05-06,0,0,0,0,0
2017-05-07,0,0,0,0,0
2017-05-08,0,0,0,0,0
2017-05-09,23,0,0,0,0
2017-05-10,0,0,0,0,0
2017-05-11,0,0,0,0,0
2017-05-12,0,0,0,0,0
2017-05-13,0,0,0,0,0
2017-05-14,0,0,0,0,0
2017-05-15,49,0,0,0,0
2017-05-16,0,0,0,0,0
2017-05-17,0,0,0,0,0
2017-05-18,0,0,0,0,0
2017-05-19,0,0,0,0,0
2017-05-20,0,0,0,0,0
2017-05-21,0,0,0,0,0
2017-05-22,0,0,0,0,0
2017-05-23,0,0,0,0,0
2017-05-24,26,0,0,0,0
2017-05-25,0,0,0,0,0
2017-05-26,26,0,0,0,0
2017-05-27,0,0,0,0,0
2017-05-28,0,0,0,0,0
2017-05-29,0,0,0,0,0
2017-05-30,0,0,0,0,0
2017-05-31,24,0,0,0,0
2017-06-01,0,0,0,0,0
2017-06-02,25,0,0,0,0
2017-06-03,0,0,0,0,0
2017-06-04,0,0,0,0,0
2017-06-05,25,0,0,0,0
2017-06-06,0,0,0,0,0
2017-06-07,0,0,0,0,0
2017-06-08,25,0,0,0,0
2017-06-09,0,0,0,0,0
2017-06-10,0,0,0,0,0
2017-06-11,0,0,0,0,0
2017-06-12,49,0,0,0,0
2017-06-13,24,0,0,0,0
2017-06-14,0,0,0,0,0
2017-06-15,25,0,0,0,0
2017-06-16,0,0,0,0,0
2017-06-17,0,0,0,0,0
2017-06-18,0,0,0,0,0
2017-06-19,24,0,0,0,0
2017-06-20,0,0,0,0,0
2017-06-21,23,0,0,0,0
2017-06-22,0,0,0,0,0
2017-06-23,0,0,0,0,0
2017-06-24,0,0,0,0,0
2017-06-25,0,0,0,0,0
2017-06-26,0,0,0,0,0
2017-06-27,0,0,0,0,0
2017-06-28,25,0,0,0,0
2017-06-29,0,0,0,0,0
2017-06-30,0,0,0,0,0
2017-07-01,0,0,0,0,0
2017-07-02,0,0,0,0,0
2017-07-03,0,0,0,0,0
2017-07-04,0,0,0,0,0
2017-07-05,0,0,0,0,0
2017-07-06,0,0,0,0,0
2017-07-07,0,0,0,0,0
2017-07-08,0,0,0,0,0
2017-07-09,0,0,0,0,0
2017-07-10,0,0,0,0,0
2017-07-11,0,0,0,0,0
2017-07-12,25,0,0,0,0
2017-07-13,25,0,0,0,0
2017-07-14,0,0,0,0,0
2017-07-15,0,0,0,0,0
2017-07-16,0,0,0,0,0
2017-07-17,0,0,0,0,0
2017-07-18,0,0,0,0,0
2017-07-19,0,0,0,0,0
2017-07-20,0,0,0,0,0
2017-07-21,0,0,0,0,0
2017-07-22,0,0,0,0,0
2017-07-23,0,0,0,0,0
2017-07-24,0,0,0,0,0
2017-07-25,0,0,0,0,0
2017-07-26,0,0,0,0,0
2017-07-27,0,0,0,0,0
2017-07-28,0,0,0,0,0
2017-07-29,0,0,0,0,0
2017-07-30,0,0,0,0,0
2017-07-31,0,0,0,0,0
2017-08-01,0,0,0,0,0
2017-08-02,70,0,24,0,0
2017-08-03,0,0,0,0,0
2017-08-04,0,0,0,0,0
2017-08-05,0,0,0,0,0
2017-08-06,0,0,0,0,0
2017-08-07,0,0,0,0,0
2017-08-08,23,0,0,0,0
2017-08-09,24,0,0,0,0
2017-08-10,0,0,0,0,0
2017-08-11,0,0,0,0,0
2017-08-12,0,0,0,0,0
2017-08-13,0,0,0,0,0
2017-08-14,24,0,0,0,0
2017-08-15,24,0,0,0,0
2017-08-16,0,0,0,0,0
2017-08-17,0,0,0,0,0
2017-08-18,25,0,0,0,0
2017-08-19,0,0,0,0,0
2017-08-20,0,0,0,0,0
2017-08-21,24,0,0,0,0
2017-08-22,0,0,0,0,0
2017-08-23,0,0,0,0,0
2017-08-24,0,0,0,0,0
2017-08-25,0,0,0,0,0
2017-08-26,0,0,0,0,0
2017-08-27,0,0,0,0,0
2017-08-28,0,0,0,0,0
2017-08-29,25,0,0,0,0
2017-08-30,0,0,0,0,0
2017-08-31,0,0,0,0,0
2017-09-01,0,0,0,0,0
2017-09-02,0,0,0,0,0
2017-09-03,0,0,0,0,0
2017-09-04,0,0,0,0,0
2017-09-05,0,0,0,0,0
2017-09-06,0,0,0,0,0
2017-09-07,0,0,0,0,0
2017-09-08,0,0,0,0,0
2017-09-09,0,0,0,0,0
2017-09-10,0,0,0,0,0
2017-09-11,0,0,0,0,0
2017-09-12,97,0,0,0,24
2017-09-13,24,0,0,0,0
2017-09-14,25,0,0,0,0
2017-09-15,25,0,0,0,0
2017-09-16,27,0,0,0,0
2017-09-17,0,0,0,0,0
2017-09-18,0,0,0,0,0
2017-09-19,0,0,0,0,0
2017-09-20,25,0,0,0,0
2017-09-21,0,0,0,0,0
2017-09-22,0,0,0,0,0
2017-09-23,0,0,0,0,0
2017-09-24,0,0,0,0,0
2017-09-25,0,0,0,0,0
2017-09-26,100,0,0,0,0
2017-09-27,25,0,0,0,0
2017-09-28,25,0,0,0,25
2017-09-29,51,0,0,0,0
2017-09-30,0,0,0,0,0
2017-10-01,0,0,0,0,0
2017-10-02,0,0,0,0,0
2017-10-03,0,0,0,0,0
2017-10-04,0,0,0,0,0
2017-10-05,0,0,0,0,0
2017-10-06,0,0,0,0,0
2017-10-07,0,0,0,0,0
2017-10-08,0,0,0,0,0
2017-10-09,26,0,0,0,0
2017-10-10,25,0,0,0,0
2017-10-11,24,0,0,0,0
2017-10-12,48,0,0,0,0
2017-10-13,0,0,0,0,0
2017-10-14,0,0,0,0,0
2017-10-15,0,0,0,0,0
2017-10-16,48,0,0,0,0
2017-10-17,0,0,0,0,24
2017-10-18,0,0,0,0,0
2017-10-19,24,0,0,0,0
2017-10-20,0,0,0,0,0
2017-10-21,0,0,0,0,0
2017-10-22,0,0,0,0,0
2017-10-23,25,0,0,0,0
2017-10-24,0,0,0,0,0
2017-10-25,0,0,0,0,0
2017-10-26,25,0,0,0,0
2017-10-27,25,0,0,0,0
2017-10-28,0,0,0,0,0
2017-10-29,0,0,0,0,0
2017-10-30,0,0,0,0,0
2017-10-31,49,0,0,0,0
2017-11-01,50,0,0,0,0
2017-11-02,48,0,0,0,0
2017-11-03,25,0,0,0,0
2017-11-04,26,0,0,0,0
2017-11-05,0,0,0,0,0
2017-11-06,0,0,0,0,0
2017-11-07,0,0,0,0,0
2017-11-08,0,0,0,0,0
2017-11-09,24,0,0,0,0
2017-11-10,0,0,0,0,0
2017-11-11,0,0,0,0,0
2017-11-12,0,0,0,0,0
2017-11-13,0,0,0,0,0
2017-11-14,24,0,0,0,0
2017-11-15,48,0,0,0,0
2017-11-16,0,0,0,0,0
2017-11-17,0,0,0,0,0
2017-11-18,0,0,0,0,0
2017-11-19,0,0,0,0,0
2017-11-20,24,0,0,0,0
2017-11-21,0,0,0,0,0
2017-11-22,24,0,0,0,0
2017-11-23,0,0,0,0,0
2017-11-24,0,0,0,0,0
2017-11-25,0,0,0,0,0
2017-11-26,0,0,0,0,0
2017-11-27,0,0,0,0,0
2017-11-28,0,0,0,0,0
2017-11-29,24,0,0,0,0
2017-11-30,0,0,0,0,0
2017-12-01,0,0,0,0,0
2017-12-02,26,0,0,0,0
2017-12-03,0,0,0,0,26
2017-12-04,24,0,0,0,0
2017-12-05,0,0,0,0,0
2017-12-06,50,0,0,0,0
2017-12-07,49,0,0,0,0
2017-12-08,0,0,0,0,51
2017-12-09,0,0,0,0,0
2017-12-10,0,0,0,0,0
2017-12-11,25,0,0,0,0
2017-12-12,0,0,0,0,0
2017-12-13,0,0,0,0,0
2017-12-14,0,0,0,0,0
2017-12-15,0,0,0,0,0
2017-12-16,0,0,0,0,0
2017-12-17,27,0,0,0,0
2017-12-18,25,0,0,0,0
2017-12-19,0,0,0,0,0
2017-12-20,0,0,0,0,0
2017-12-21,0,0,0,0,0
2017-12-22,0,0,0,0,0
2017-12-23,0,0,0,0,0
2017-12-24,0,0,0,0,0
2017-12-25,0,0,0,0,0
2017-12-26,24,0,0,0,0
2017-12-27,25,0,0,0,0
2017-12-28,24,0,0,0,0
2017-12-29,0,0,0,0,0
2017-12-30,0,0,0,0,0
2017-12-31,0,0,0,0,0
2018-01-01,0,0,0,0,0
2017-01-01,0,0,0,0,0
2017-01-02,0,0,0,0,0
2017-01-03,45,0,0,0,0
2017-01-04,0,0,0,0,45
2017-01-05,0,0,0,0,0
2017-01-06,0,0,0,0,0
2017-01-07,0,0,0,0,0
2017-01-08,0,0,0,0,0
2017-01-09,46,0,0,0,0
2017-01-10,46,0,0,0,0
2017-01-11,0,0,0,0,0
2017-01-12,0,0,0,0,0
2017-01-13,0,0,0,0,0
2017-01-14,0,0,0,0,0
2017-01-15,0,0,0,0,0
2017-01-16,0,0,0,0,0
2017-01-17,0,0,0,0,0
2017-01-18,0,0,0,0,0
2017-01-19,0,0,0,0,0
2017-01-20,0,0,0,0,0
2017-01-21,0,0,0,0,0
2017-01-22,0,0,55,0,0
2017-01-23,0,0,0,0,0
2017-01-24,0,0,0,0,0
2017-01-25,0,0,0,0,0
2017-01-26,0,0,0,0,0
2017-01-27,0,0,0,0,0
2017-01-28,0,0,0,0,0
2017-01-29,0,0,0,0,0
2017-01-30,0,0,0,0,0
2017-01-31,100,0,0,0,0
2017-02-01,0,0,0,0,0
2017-02-02,0,0,0,0,0
2017-02-03,0,0,0,0,0
2017-02-04,0,0,0,0,0
2017-02-05,0,0,0,0,0
2017-02-06,43,0,0,0,43
2017-02-07,0,0,0,0,0
2017-02-08,0,0,0,0,0
2017-02-09,44,0,0,0,0
2017-02-10,0,0,0,0,0
2017-02-11,0,0,0,0,0
2017-02-12,0,0,0,0,0
2017-02-13,0,0,0,0,0
2017-02-14,0,0,0,0,0
2017-02-15,0,0,0,0,0
2017-02-16,44,0,0,0,0
2017-02-17,0,0,0,0,0
2017-02-18,0,0,0,0,0
2017-02-19,47,0,0,0,0
2017-02-20,43,0,0,0,0
2017-02-21,0,0,0,0,0
2017-02-22,0,0,0,0,0
2017-02-23,0,0,0,0,0
2017-02-24,0,0,0,0,0
2017-02-25,0,0,0,0,0
2017-02-26,0,0,0,0,0
2017-02-27,0,0,0,0,0
2017-02-28,46,0,0,0,0
2017-03-01,0,0,0,0,0
2017-03-02,0,0,0,0,43
2017-03-03,0,0,0,0,0
2017-03-04,0,0,0,0,46
2017-03-05,0,0,0,0,0
2017-03-06,0,0,42,0,0
2017-03-07,0,0,0,0,0
2017-03-08,0,0,0,0,0
2017-03-09,42,0,0,0,0
2017-03-10,0,0,0,0,0
2017-03-11,0,0,0,0,0
2017-03-12,0,0,0,0,0
2017-03-13,0,0,0,0,0
2017-03-14,0,0,0,0,0
2017-03-15,0,0,0,0,0
2017-03-16,42,0,0,0,0
2017-03-17,0,0,0,0,0
2017-03-18,46,0,0,0,0
2017-03-19,0,0,0,0,0
2017-03-20,0,0,0,0,0
2017-03-21,42,0,0,0,0
2017-03-22,42,0,0,0,0
2017-03-23,0,0,0,0,0
2017-03-24,0,0,0,0,0
2017-03-25,0,0,0,0,0
2017-03-26,0,0,0,0,0
2017-03-27,42,0,0,0,0
2017-03-28,0,0,0,0,0
2017-03-29,0,0,0,0,0
2017-03-30,0,0,0,0,0
2017-03-31,0,0,0,0,0
2017-04-01,47,0,0,0,0
2017-04-02,0,0,0,0,48
2017-04-03,47,0,0,0,0
2017-04-04,0,0,0,0,0
2017-04-05,42,0,0,0,0
2017-04-06,0,0,0,0,0
2017-04-07,42,0,0,0,0
2017-04-08,0,0,0,0,0
2017-04-09,0,0,0,0,0
2017-04-10,0,0,0,0,0
2017-04-11,0,0,0,0,0
2017-04-12,0,0,0,0,0
2017-04-13,0,0,0,0,0
2017-04-14,0,0,0,0,0
2017-04-15,0,0,0,0,0
2017-04-16,0,0,0,0,0
2017-04-17,0,0,0,0,0
2017-04-18,0,0,0,0,0
2017-04-19,0,0,0,0,0
2017-04-20,0,0,0,0,0
2017-04-21,0,0,0,0,0
2017-04-22,0,0,0,0,0
2017-04-23,0,0,0,0,0
2017-04-24,0,0,0,0,0
2017-04-25,42,0,0,0,0
2017-04-26,0,0,0,0,0
2017-04-27,0,0,0,0,0
2017-04-28,0,0,0,0,0
2017-04-29,0,0,0,0,0
2017-04-30,0,0,0,0,0
2017-05-01,0,0,0,0,0
2016-05-01,49,0,0,0,0
2016-05-02,100,0,51,0,0
2016-05-03,48,0,0,0,0
2016-05-04,0,0,0,0,0
2016-05-05,0,0,0,0,0
2016-05-06,49,0,0,0,0
2016-05-07,0,0,0,0,0
2016-05-08,0,0,0,0,0
2016-05-09,48,0,0,0,0
2016-05-10,0,0,0,0,0
2016-05-11,0,0,0,0,0
2016-05-12,48,0,0,0,0
2016-05-13,49,0,0,0,0
2016-05-14,0,0,0,0,0
2016-05-15,0,0,0,0,0
2016-05-16,0,0,0,0,0
2016-05-17,48,0,0,0,0
2016-05-18,0,0,0,0,0
2016-05-19,49,0,0,0,0
2016-05-20,49,0,0,0,0
2016-05-21,0,0,0,0,0
2016-05-22,0,0,0,0,0
2016-05-23,0,0,0,0,0
2016-05-24,48,0,0,0,0
2016-05-25,0,0,0,0,0
2016-05-26,0,0,0,0,0
2016-05-27,0,0,0,0,48
2016-05-28,0,0,0,0,0
2016-05-29,0,0,0,0,0
2016-05-30,0,0,0,0,0
2016-05-31,47,0,0,0,0
2016-06-01,0,0,0,0,0
2016-06-02,0,0,0,0,0
2016-06-03,49,0,0,0,0
2016-06-04,0,0,0,0,0
2016-06-05,0,0,0,0,0
2016-06-06,0,0,0,0,0
2016-06-07,0,0,0,0,0
2016-06-08,0,0,0,0,0
2016-06-09,0,0,0,0,0
2016-06-10,50,0,0,0,0
2016-06-11,0,0,0,0,0
2016-06-12,0,0,0,0,0
2016-06-13,0,0,0,0,0
2016-06-14,0,0,0,0,0
2016-06-15,0,0,0,0,0
2016-06-16,0,0,0,0,48
2016-06-17,48,0,0,0,0
2016-06-18,0,0,0,0,0
2016-06-19,0,0,0,0,0
2016-06-20,0,0,0,0,0
2016-06-21,0,0,0,0,0
2016-06-22,0,0,0,0,0
2016-06-23,48,0,0,0,0
2016-06-24,0,0,0,0,0
2016-06-25,0,0,0,0,0
2016-06-26,0,0,0,0,0
2016-06-27,0,0,0,0,0
2016-06-28,0,0,0,0,0
2016-06-29,0,0,0,0,0
2016-06-30,0,0,0,0,0
2016-07-01,0,0,0,0,0
2016-07-02,0,0,0,0,0
2016-07-03,0,0,0,0,0
2016-07-04,0,0,0,0,0
2016-07-05,0,0,0,0,0
2016-07-06,0,0,0,0,0
2016-07-07,0,0,0,0,0
2016-07-08,0,0,0,0,0
2016-07-09,0,0,0,0,0
2016-07-10,0,0,0,0,0
2016-07-11,0,0,0,0,47
2016-07-12,47,0,0,0,0
2016-07-13,0,0,0,0,0
2016-07-14,0,0,0,0,0
2016-07-15,0,0,0,0,0
2016-07-16,0,0,0,0,0
2016-07-17,0,0,0,0,54
2016-07-18,0,0,0,0,0
2016-07-19,0,0,0,0,0
2016-07-20,0,0,0,0,0
2016-07-21,0,0,0,0,0
2016-07-22,0,0,0,0,0
2016-07-23,0,0,0,0,0
2016-07-24,0,0,0,0,0
2016-07-25,0,0,0,0,0
2016-07-26,0,0,0,0,0
2016-07-27,0,0,0,0,0
2016-07-28,0,0,0,0,0
2016-07-29,49,0,0,0,0
2016-07-30,0,0,0,0,0
2016-07-31,0,0,0,0,0
2016-08-01,0,0,0,0,0
2016-08-02,0,0,0,0,0
2016-08-03,48,0,0,0,0
2016-08-04,0,0,0,0,0
2016-08-05,0,0,0,0,0
2016-08-06,0,0,0,0,0
2016-08-07,0,0,0,0,0
2016-08-08,0,0,0,0,0
2016-08-09,0,0,0,0,0
2016-08-10,50,0,0,0,0
2016-08-11,0,0,0,0,0
2016-08-12,0,0,0,0,0
2016-08-13,0,0,0,0,0
2016-08-14,0,0,0,0,0
2016-08-15,0,0,0,0,0
2016-08-16,0,0,0,0,0
2016-08-17,0,0,0,0,0
2016-08-18,0,0,0,0,0
2016-08-19,0,0,0,0,0
2016-08-20,0,0,0,0,0
2016-08-21,0,0,0,0,0
2016-08-22,0,0,0,0,0
2016-08-23,0,0,0,0,0
2016-08-24,0,0,0,0,0
2016-08-25,0,0,0,0,0
2016-08-26,0,0,0,0,0
2016-08-27,0,0,0,0,0
2016-08-28,0,0,0,0,0
2016-08-29,0,0,0,0,0
2016-08-30,0,0,0,0,0
2016-08-31,0,0,0,0,0
2016-09-01,0,0,0,0,0
2016-09-02,0,0,0,0,0
2016-09-03,52,0,0,0,0
2016-09-04,0,0,0,0,0
2016-09-05,0,0,0,0,0
2016-09-06,0,0,0,0,0
2016-09-07,0,0,0,0,0
2016-09-08,49,0,0,0,0
2016-09-09,0,0,0,0,0
2016-09-10,0,0,0,0,0
2016-09-11,0,0,0,0,0
2016-09-12,48,0,0,0,0
2016-09-13,46,0,0,0,0
2016-09-14,47,0,0,0,0
2016-09-15,0,0,0,0,0
2016-09-16,0,0,0,0,0
2016-09-17,0,0,0,0,0
2016-09-18,0,0,0,0,0
2016-09-19,0,0,0,0,0
2016-09-20,0,0,0,0,0
2016-09-21,0,0,0,0,0
2016-09-22,0,0,0,0,0
2016-09-23,0,0,0,0,0
2016-09-24,0,0,0,0,0
2016-09-25,0,0,0,0,0
2016-09-26,0,0,0,0,0
2016-09-27,43,0,0,0,0
2016-09-28,0,0,0,0,0
2016-09-29,0,0,0,0,0
2016-09-30,0,0,0,0,0
2016-10-01,50,0,0,0,0
2016-10-02,0,0,0,0,0
2016-10-03,0,0,0,0,0
2016-10-04,0,0,0,0,0
2016-10-05,0,0,0,0,0
2016-10-06,0,0,0,0,0
2016-10-07,0,0,0,0,0
2016-10-08,0,0,0,0,0
2016-10-09,0,0,0,0,0
2016-10-10,0,0,0,0,0
2016-10-11,0,0,0,0,0
2016-10-12,48,0,0,0,0
2016-10-13,0,0,0,0,0
2016-10-14,0,0,0,0,49
2016-10-15,0,0,0,0,0
2016-10-16,0,0,0,0,0
2016-10-17,0,0,0,0,0
2016-10-18,0,0,0,0,0
2016-10-19,49,0,0,0,0
2016-10-20,48,0,0,0,0
2016-10-21,48,0,0,0,0
2016-10-22,52,0,0,0,0
2016-10-23,0,0,0,0,0
2016-10-24,0,0,0,0,0
2016-10-25,0,0,0,0,0
2016-10-26,49,0,0,0,0
2016-10-27,49,0,0,0,0
2016-10-28,0,0,0,0,0
2016-10-29,0,0,0,0,0
2016-10-30,0,0,0,0,0
2016-10-31,0,0,0,0,0
2016-11-01,49,0,0,0,0
2016-11-02,50,0,0,0,0
2016-11-03,49,0,0,0,0
2016-11-04,0,0,0,0,0
2016-11-05,0,0,0,0,0
2016-11-06,0,0,0,0,0
2016-11-07,0,0,0,0,0
2016-11-08,0,0,0,0,0
2016-11-09,0,0,0,0,0
2016-11-10,47,0,0,0,0
2016-11-11,0,0,0,0,0
2016-11-12,0,0,0,0,0
2016-11-13,0,0,0,0,0
2016-11-14,0,0,0,0,0
2016-11-15,48,0,0,0,0
2016-11-16,0,0,0,0,47
2016-11-17,0,0,0,0,0
2016-11-18,0,0,0,0,0
2016-11-19,0,0,0,0,0
2016-11-20,0,0,0,0,0
2016-11-21,46,0,0,0,0
2016-11-22,0,0,0,0,0
2016-11-23,0,0,0,0,0
2016-11-24,0,0,0,0,0
2016-11-25,47,0,0,0,0
2016-11-26,0,0,0,0,0
2016-11-27,0,0,0,0,0
2016-11-28,0,0,47,0,0
2016-11-29,0,0,0,0,0
2016-11-30,0,0,0,0,0
2016-12-01,47,0,0,0,0
2016-12-02,47,0,0,0,0
2016-12-03,0,0,0,0,0
2016-12-04,0,0,0,0,0
2016-12-05,0,0,0,0,0
2016-12-06,0,0,44,0,0
2016-12-07,45,0,0,0,0
2016-12-08,46,0,0,0,0
2016-12-09,0,0,0,0,0
2016-12-10,0,0,0,0,0
2016-12-11,0,0,0,0,0
2016-12-12,0,0,0,0,0
2016-12-13,0,0,0,0,0
2016-12-14,45,0,0,0,0
2016-12-15,0,0,0,0,0
2016-12-16,48,0,0,0,48
2016-12-17,0,0,0,0,0
2016-12-18,0,0,0,0,0
2016-12-19,0,0,0,0,45
2016-12-20,0,0,0,0,0
2016-12-21,0,0,0,0,0
2016-12-22,0,0,0,0,0
2016-12-23,0,0,0,0,0
2016-12-24,0,0,0,0,0
2016-12-25,0,0,0,0,0
2016-12-26,0,0,0,0,0
2016-12-27,0,0,0,0,0
2016-12-28,0,0,0,0,0
2016-12-29,0,0,0,0,0
2016-12-30,0,0,0,0,0
2016-12-31,0,0,0,0,0
2017-01-01,0,0,0,0,0
